{"cameraMode":{"drawMode":0,"name":"Shaded","section":"Shading Mode"},"sceneLighting":false,"audioPlay":false,"sceneViewState":{"showFog":true,"showMaterialUpdate":false,"showSkybox":false,"showFlares":true,"showImageEffects":true,"showParticleSystems":true},"in2DMode":false,"pivot":{"x":0.38112694025039675,"y":-0.45752471685409548,"z":-0.04069463163614273},"rotation":{"x":0.05527515709400177,"y":-0.708103597164154,"z":-0.05577176436781883,"w":-0.7017455101013184},"size":6.757885456085205,"orthographic":false}