{"cameraMode":{"drawMode":0,"name":"Shaded","section":"Shading Mode"},"sceneLighting":false,"audioPlay":false,"sceneViewState":{"showFog":true,"showMaterialUpdate":false,"showSkybox":true,"showFlares":true,"showImageEffects":true,"showParticleSystems":true},"in2DMode":false,"pivot":{"x":5.76389217376709,"y":-1.5429389476776124,"z":2.05088210105896},"rotation":{"x":0.3470238447189331,"y":-0.6163539290428162,"z":0.3474457561969757,"w":0.6156057715415955},"size":10.068694114685059,"orthographic":false}