{"cameraMode":{"drawMode":0,"name":"Shaded","section":"Shading Mode"},"sceneLighting":false,"audioPlay":false,"sceneViewState":{"showFog":true,"showMaterialUpdate":false,"showSkybox":true,"showFlares":true,"showImageEffects":true,"showParticleSystems":true},"in2DMode":false,"pivot":{"x":0.24488449096679688,"y":10.213090896606446,"z":4.122567653656006},"rotation":{"x":0.25946033000946047,"y":-0.40889880061149599,"z":0.12246613949537277,"w":0.8663056492805481},"size":12.948853492736817,"orthographic":false}