{"cameraMode":{"drawMode":0,"name":"Shaded","section":"Shading Mode"},"sceneLighting":false,"audioPlay":false,"sceneViewState":{"showFog":true,"showMaterialUpdate":false,"showSkybox":true,"showFlares":true,"showImageEffects":true,"showParticleSystems":true},"in2DMode":false,"pivot":{"x":490.010498046875,"y":26.04313850402832,"z":502.05596923828127},"rotation":{"x":0.7590721845626831,"y":0.0029295592103153469,"z":-0.003415921702980995,"w":0.6509910821914673},"size":22.0,"orthographic":true}