{"cameraMode":{"drawMode":0,"name":"Shaded","section":"Shading Mode"},"sceneLighting":false,"audioPlay":false,"sceneViewState":{"showFog":true,"showMaterialUpdate":false,"showSkybox":false,"showFlares":true,"showImageEffects":true,"showParticleSystems":true},"in2DMode":false,"pivot":{"x":1.221747875213623,"y":-0.6819280982017517,"z":0.022233840078115464},"rotation":{"x":-0.007036627270281315,"y":-0.7028315663337708,"z":0.006959833670407534,"w":-0.7113029360771179},"size":2.8578836917877199,"orthographic":false}