{"cameraMode":{"drawMode":0,"name":"Shaded","section":"Shading Mode"},"sceneLighting":false,"audioPlay":false,"sceneViewState":{"showFog":true,"showMaterialUpdate":false,"showSkybox":false,"showFlares":true,"showImageEffects":true,"showParticleSystems":true},"in2DMode":false,"pivot":{"x":1.5986618995666505,"y":-0.34679853916168215,"z":0.19689929485321046},"rotation":{"x":-0.1565794050693512,"y":-0.7850055694580078,"z":0.2205606997013092,"w":-0.5573378801345825},"size":3.457883596420288,"orthographic":false}